{
    "metrics": {
        "MAE": 0.04397604416231983,
        "RMSE": 0.12744666687131678,
        "R2": 0.5607986656757089
    },
    "best_params": [
        0.0031603816687590038,
        0.32086182492886534,
        87.70292569891096
    ]
}