{
    "metrics": {
        "MAE": 0.04168055351787748,
        "RMSE": 0.12582726019625348,
        "R2": 0.5718892159942768
    },
    "best_params": [
        0.002332999435608561,
        0.3442805385831098,
        115.51102029467553
    ]
}